id,degree
16576,74
7273,2
10096,1
11332,4
13772,4
20158,2
27108,1
29539,2
32275,1
1436,1
26439,1
28158,1
28503,1
944,1
800,1
8092,1
14218,2
15947,4
19582,1
20959,5
451,1
8386,1
22436,3
28463,1
27274,135
2725,6
5913,3
7784,2
16303,4
18283,1
31756,1
2917,1
3836,1
4850,1
12104,1
30861,1
31290,1
124,2
2930,1
4665,1
22077,47
14839,1
21683,1
22026,1
24274,4
30557,1
30815,1
31873,4
31005,1
1953,1
10296,1
25835,1
26863,4
31391,1
30710,140
6464,1
8082,4
9109,1
11002,3
11847,26
16133,6
17274,2
17481,1
23959,1
25144,2
24521,3
27200,1
29827,13
31641,9
31849,1
31894,2
32018,1
5052,1
10195,4
11795,1
15488,1
27746,1
29230,1
1706,1
3875,14
4690,1
8691,4
17507,1
31260,2
31724,1
31991,2
2129,1
14353,1
15741,1
23171,1
31839,1
7015,9
13406,1
14896,19
14991,1
15845,5
18746,2
28255,5
31944,1
13051,1
22543,1
2144,1
3454,1
11863,2
23112,1
27916,7
28395,1
29491,1
31119,27
31027,5
32284,2
32345,2
7953,1
17303,1
22482,1
29134,1
4789,1
1496,2
3145,1
5096,1
8089,1
10687,6
10891,2
11537,3
15014,2
19358,1
19170,1
31878,1
32159,15
32179,2
886,1
9016,1
12420,1
25766,1
727,1
3808,7
10203,1
18111,2
22821,1
30558,1
12307,1
28436,1
30555,1
200,6
1290,1
2020,1
11756,52
22255,3
26881,1
29909,3
30048,2
30389,3
30981,1
32329,3
21440,1
29030,1
7754,56
5714,2
8257,2
14217,4
17900,1
19996,1
20987,2
23521,4
32306,4
672,1
21540,1
27047,1
29782,1
3709,26
4157,1
9105,1
13999,1
15229,2
25353,1
28759,6
30299,2
31976,1
8511,1
21455,1
23395,1
26240,1
31906,1
15368,155
1111,2
12479,273
7072,1
8882,1
9459,2
13852,1
17777,1
31482,2
31363,2
32368,1
32330,1
351,1
4638,1
8442,1
16342,1
18592,1
25364,1
25501,2
28667,2
30173,2
29,1
6119,4
6857,1
7396,1
8614,1
9784,1
14637,1
14737,6
22081,2
30459,1
30511,1
3268,1
4402,2
10498,4
24029,1
28262,1
3494,2
13938,1
15071,1
28348,38
17977,2
25370,3
24740,1
19530,1
27888,1
28330,1
29917,4
31913,2
87,1
5682,1
11133,2
15047,1
23088,1
25849,1
7750,1
13913,1
18063,1
19525,1
19834,1
25850,4
2149,5
4953,1
13309,2
19220,6
23710,4
25320,1
26362,2
26741,1
30863,1
31946,1
15012,1
26121,1
27423,1
29564,1
478,5
1056,1
1931,5
5000,2
8681,1
14731,3
18934,1
22828,2
25976,1
10191,2
12651,4
15470,1
20883,1
21751,2
26371,1
31684,4
406,1
1569,2
30412,178
4269,5
113,4
10363,1
12176,3
13441,1
14545,1
17251,1
21220,9
22268,2
24267,1
25191,4
24256,1
27433,1
28575,1
32427,7
32279,1
4216,1
6125,4
10052,1
19799,1
25359,2
31344,1
4131,39
8500,3
9525,1
9626,1
13447,1
17364,2
16306,1
22458,1
25902,1
27800,2
29330,1
31827,1
31098,5
31811,3
12852,4
24794,1
27951,4
30902,4
15791,70
3733,1
8349,1
10138,1
11968,4
14895,1
29360,1
29841,1
1097,3
4372,1
11499,1
11593,1
13624,1
20720,1
389,1
425,1
4264,2
5637,2
8540,1
11194,4
13091,1
21179,2
29640,1
31789,1
31980,1
32130,1
1655,1
4166,1
6606,1
7414,1
10619,1
13028,1
29343,1
30804,1
1535,1
13229,1
25039,1
30543,1
31551,1
32255,3
32303,3
2669,2
15830,1
16636,2
21468,1
1988,4
1938,1
3395,1
14481,2
15739,1
16933,2
17465,55
26608,1
2654,1
9425,3
11818,1
22785,1
24505,1
27679,1
30148,1
6512,2
10534,1
14382,1
16903,1
28110,1
28570,1
2185,1
8431,2
20768,1
23076,1
31341,5
1932,301
2478,2
2749,1
3447,7
5632,1
8394,2
9796,1
14100,2
18424,1
24467,1
26100,1
26156,1
30528,1
32037,1
14847,1
20230,1
21712,4
30057,3
8330,1
8579,2
12782,11
18084,1
19102,1
22337,2
27530,2
32366,3
32413,1
11824,1
12276,4
13258,1
13605,1
22059,2
28468,1
31757,1
258,1
1054,1
1452,1
5326,2
9919,4
11634,2
12788,2
14089,4
21812,2
27349,2
31223,1
11695,1
16680,1
21728,1
21940,3
22809,1
31752,1
1501,1
1336,1
2496,1
6469,1
15237,2
27372,2
30030,1
30291,1
11860,2
19449,2
539,1
628,1
2946,1
9724,4
13483,6
29347,1
32350,1
32034,2
843,4
14349,1
18663,1
19867,1
27907,3
28871,2
30906,1
31823,1
32217,1
4362,29
6182,1
14691,8
21514,1
27653,1
31971,1
32245,1
32293,1
2013,1
4925,1
6747,5
31244,4
556,1
3226,1
4587,1
6582,1
10802,1
12640,2
19212,1
19859,1
27578,1
32253,2
597,1
15578,1
22085,1
24081,3
27877,1
31514,3
35,1
1696,4
3605,1
5525,1
6118,1
13473,1
18874,1
31588,1
10597,1
13471,1
13995,1
23108,1
23884,4
26325,1
32417,1
183,2
2671,1
3126,2
9478,4
17176,4
18698,4
26803,1
28367,1
30933,5
12492,1
26846,1
30849,4
441,5
29215,89
8057,1
8956,2
14139,1
17916,1
16921,1
20100,1
18848,2
21024,1
23379,1
27472,1
28594,1
28493,3
30877,2
31471,1
2000,1
7612,4
10457,4
10475,1
12656,1
17023,4
17255,4
30940,5
20533,30
2403,2
16754,2
16842,1
23207,2
23763,1
24026,1
31983,1
19858,2
27173,1
31169,1
32319,1
2375,2
2604,1
2821,1
5513,2
13366,1
18506,1
31934,3
32274,8
27022,1
195,1
5482,2
8562,4
14602,1
15424,1
17613,17
26384,1
27634,1
29123,1
13813,1
17435,1
27012,1
27964,1
5129,1
9131,2
9300,1
9008,1
18507,1
18869,1
19851,1
19382,1
24017,2
7729,2
11934,3
21152,4
14808,17
372,7
2811,1
3771,4
5880,1
9001,1
12395,1
23011,2
24766,2
29140,1
31565,2
6315,5
10442,1
11414,1
20279,1
23484,1
26349,1
4699,1
5571,2
11110,1
16710,2
17572,1
17857,5
21352,1
24774,1
27528,1
27935,2
30841,5
32155,2
4570,1
6351,5
7155,4
10634,1
24975,1
28529,1
28700,1
1266,4
3849,6
5355,4
10509,1
12209,4
21703,4
17640,1
22232,1
24083,1
29408,1
8780,54
2693,1
9138,2
15051,1
21229,1
21788,1
26907,4
30244,1
32346,1
27392,216
1909,1
8911,3
13101,3
19221,3
20464,1
21081,2
25381,3
26002,1
32404,1
19656,1
30627,1
7537,2
16127,2
16182,1
17611,1
25197,1
29033,1
32057,1
2028,1
5323,1
7000,4
11450,4
12042,3
14721,3
16608,1
20937,1
21098,26
19456,1
23322,1
3618,1
3619,1
3724,1
10171,3
11980,2
11898,1
15832,1
17825,1
21260,5
24068,2
25620,1
30666,2
32116,10
25293,1
26635,4
2741,1
3558,1
8837,2
9713,1
12112,2
15389,1
16780,1
17971,3
22229,1
32223,2
6584,1
9369,3
11046,4
20530,1
26035,1
9027,1
13335,1
14622,1
16556,1
18779,1
18891,1
18896,6
20125,8
30453,2
32083,2
32162,1
6964,1
12588,1
14915,1
26101,1
29490,1
16617,169
1022,1
2174,1
7978,1
9083,1
10014,1
16743,1
20171,2
31191,1
32118,1
5069,1
17522,1
30911,1
5189,1
10592,1
16792,1
22099,1
17643,1
19419,1
22267,1
22270,1
9014,2
10280,3
11047,1
12802,3
13794,1
17397,2
18453,7
25112,1
32339,1
32418,1
1901,1
7321,1
9246,2
20363,1
4295,1
8642,3
16110,5
24132,1
25699,2
27801,1
29191,2
31838,3
32164,31
11383,1
16793,1
20135,1
27175,4
27722,1
31573,1
2322,1
11246,1
16490,2
17239,1
16836,2
19163,24
23067,3
23400,1
22339,1
23765,3
25186,2
26933,1
30409,1
32397,2
1250,1
1974,1
3444,1
5087,1
19708,4
24013,4
26205,1
27163,1
745,1
7712,5
9646,1
10946,1
12193,1
16335,3
9305,1
11502,1
13621,4
30240,2
502,3
13303,355
632,1
761,18
1509,2
2365,1
3321,1
6736,1
8287,1
10455,2
11826,1
17780,1
20023,1
27063,1
30696,1
32352,2
2734,4
9181,1
9499,1
9573,1
9928,2
13954,1
18142,4
28520,1
30249,1
981,29
9188,5
9013,1
9430,2
11368,3
11713,2
11691,1
11999,3
12494,1
16094,1
19502,1
25728,1
27708,1
29015,1
3549,1
17343,1
658,1
23543,54
2157,2
2555,1
2597,1
3339,1
6523,2
6938,1
12730,2
14190,16
15977,1
19407,2
31912,3
32224,4
9789,1
11116,1
17843,1
19245,1
21213,4
23302,2
997,2
4998,2
5573,1
5768,1
6130,1
11422,1
12219,1
14243,1
9489,4
21420,1
21653,1
28439,4
30232,1
13498,51
2957,2
4107,2
10259,1
11820,3
12272,1
14357,4
17938,1
19131,4
20067,1
19524,1
23448,1
29180,1
31845,2
32334,6
31974,3
20798,1
27036,1
31278,4
3451,1
3640,1
8274,2
9963,1
13768,1
15713,1
25352,1
31423,6
31590,1
1060,1
3539,6
6358,1
9895,1
10697,4
22002,4
25158,1
140,1
29225,115
2981,2
8074,3
9576,1
10724,4
13359,1
16906,1
17287,1
27598,3
31957,2
8020,1
8992,1
10698,1
23960,1
26379,1
5756,2
6521,1
7271,1
7424,1
7597,1
11232,3
14034,2
18413,3
20268,1
22822,1
31992,1
9079,1
10488,2
28232,4
32022,1
16605,49
4670,1
10547,1
22810,2
24367,2
25584,3
27123,1
31052,3
736,1
13831,1
27726,1
326,1
6098,1
8993,1
12617,3
16154,2
18002,1
22304,1
23159,1
22388,1
23870,1
30581,1
1551,5
4263,1
25298,1
28878,1
31847,1
1559,1
3930,4
6944,8
32228,55
20154,2
25432,5
32166,58
32369,2
2712,3
4111,1
11646,1
12000,1
19175,1
22098,1
8501,2
12040,2
12947,1
16117,1
16359,5
18176,4
27525,3
27755,11
32177,1
32198,1
12836,4
17772,1
18914,1
19706,2
19979,1
20840,4
22984,4
24543,1
30092,4
29722,191
22393,117
24995,43
3912,2
11701,1
13629,1
14908,1
15611,1
17087,3
18783,1
22127,1
22531,1
29493,1
6620,1
12224,4
20177,1
31914,1
1040,1
1884,1
3566,1
11125,1
12677,19
12722,3
13900,1
18185,1
21118,2
26711,2
26520,1
31802,1
375,1
9341,1
27686,4
10531,38
9151,1
12038,1
13991,1
18360,2
17083,1
21891,2
23792,3
28773,1
32277,2
381,4
7289,1
18537,2
21336,1
25887,1
78,1
5091,1
9275,1
21522,2
30401,22
4286,1
4847,1
5480,1
7046,1
15293,1
27680,1
28814,1
1134,2
9551,1
11266,6
24326,1
27288,2
30989,1
32167,1
2242,1
10129,1
13740,4
16358,1
23593,1
30332,43
13576,2
15833,1
28608,4
29703,1
31211,1
31541,1
16875,1
31833,1
14630,246
5910,1
9056,1
10973,1
16345,1
23726,2
25885,2
26284,3
32259,1
31952,1
3903,1
20101,4
25319,180
4944,2
6224,3
6911,1
9677,2
9988,1
10115,1
10650,2
12159,1
15514,2
26851,2
29061,1
6393,1
12441,1
15395,1
29606,1
32062,1
14179,2
17000,1
19364,2
23390,1
26027,1
30287,2
32066,1
32351,3
31904,1
17576,1
19518,4
23182,1
25514,1
26947,1
30430,1
32203,1
932,1
1464,2
4212,2
5927,1
6062,1
6155,1
7731,2
10864,4
11928,3
21472,1
32336,26
3159,4
4137,1
5563,1
5683,4
7761,2
9225,1
341,1
27570,39
18076,1
20010,1
27886,1
2843,1
5491,1
13261,1
1351,1
3995,1
5577,8
7628,1
8322,3
8706,8
12961,1
15477,1
29407,2
30071,2
30388,1
15562,1
1654,3
15048,1
15465,2
20839,1
21077,2
21133,1
23936,1
24744,1
28527,1
31478,1
3295,1
3563,1
16376,1
21092,4
24638,1
26025,1
26280,4
28802,1
30021,1
678,3
1871,1
13701,47
5318,1
6083,2
12484,2
14061,4
15472,2
18432,1
19584,2
18901,2
20093,3
23180,1
26390,1
26622,1
27251,3
28875,1
30498,1
30634,1
32295,2
3535,1
19227,1
22167,1
23037,4
27059,1
229,2
90,1
3850,219
13001,1
18688,1
19889,1
22952,1
22528,1
26957,1
30447,1
19048,1
21100,1
23357,1
28233,1
31275,4
8996,3
18425,1
18599,2
20099,1
27648,1
28335,1
31859,3
4959,1
5416,1
6703,1
7846,2
17873,1
5439,2
10917,1
13053,1
21438,1
21516,1
19558,1
23747,2
24429,1
24835,6
26181,1
11977,1
12668,4
13765,1
15963,1
22648,2
429,1
8058,2
8707,1
11220,1
16675,3
22556,1
25631,2
1385,1
19878,1
24352,1
28152,1
31258,2
4720,3
8713,3
21386,1
27873,4
28740,1
29590,1
1331,2
5168,1
24022,1
26348,4
5484,32
533,2
32209,109
6216,1
6355,1
9693,1
12310,1
15932,1
17786,1
22569,3
24885,4
28229,1
27642,1
32073,2
32252,7
32441,5
11141,1
20275,1
21541,1
27395,1
32391,47
3780,3
30180,70
8476,6
12085,1
14087,1
17862,1
19560,1
22464,1
24597,1
26177,1
25965,1
27442,1
31381,1
6980,4
17830,1
22793,1
23161,1
24488,1
26105,1
26502,1
2520,1
6050,1
7394,1
10002,1
15004,1
27279,2
27321,1
31332,1
11387,1
20773,1
26587,4
27312,1
3667,1
11666,2
12893,1
16220,2
16764,1
16493,1
21219,1
24420,2
27509,1
8036,4
19501,1
28273,5
319,55
2237,1
7218,1
9018,2
9812,1
15078,1
17181,2
18608,1
21999,1
25416,1
26270,1
26288,3
30262,1
238,1
6451,1
23431,1
30653,1
31298,1
31966,1
111,1
1190,1
1533,1
3220,8
12509,1
14726,1
15126,1
16567,2
18238,1
18500,3
17489,1
18679,1
19590,2
24290,1
25262,1
26358,2
32213,24
645,4
7865,1
12171,1
16762,1
17546,1
220,1
885,2
6114,1
6819,1
8060,2
8813,1
9596,1
12619,1
14442,2
17134,1
17502,1
21615,10
22279,1
24612,2
29923,1
32078,6
3940,1
12048,1
13189,1
23766,1
26924,1
30603,2
901,1
1148,1
5247,1
7697,3
18180,2
19855,2
23922,1
32054,1
3994,1
23807,1
25914,1
31106,1
1149,2
3881,2
13403,11
6387,2
9821,2
17257,1
22898,1
23584,1
31612,1
23764,2
6574,1
11433,33
14526,1
19510,1
21093,1
18911,1
30202,1
4773,1
8093,1
9987,1
14058,1
15124,1
29763,1
30049,1
12412,2
15619,22
17201,1
18102,1
18112,3
17285,2
32260,1
8626,1
12302,1
16484,1
23418,4
27633,4
30197,1
7253,59
2820,1
3361,1
5276,4
7047,2
12015,1
19205,1
22176,24
29322,2
927,1
6044,1
12478,472
8776,4
9555,1
9982,2
9912,1
10085,1
22493,6
6906,1
10348,1
11269,1
11800,1
14882,1
31474,1
31831,1
6055,1
7771,2
10146,5
17512,1
19194,1
20661,1
19222,5
26895,2
29894,1
2008,1
14202,2
28459,5
29796,1
31090,1
31942,1
2369,15
6741,1
7566,1
8769,2
15866,1
21681,1
24527,1
31970,2
373,2
14823,1
32405,1
2600,2
5618,1
6072,2
9389,10
11105,1
11622,1
14208,3
21197,2
21320,1
26690,1
30226,1
32016,28
21737,22
3497,1
8009,4
21952,4
28368,1
30952,4
31229,1
32080,1
3083,3
7272,1
11190,1
19255,2
25310,2
32067,2
3476,1
4203,1
7972,1
8138,6
156,1
12674,3
14294,2
18573,1
23229,2
27001,2
30561,1
32095,1
32148,1
190,1
3109,1
4491,1
22802,1
29775,1
30918,4
985,1
3743,1
4824,1
5446,3
8778,2
10614,1
12203,2
14750,2
16189,1
20073,2
31972,1
2084,1
11654,1
22307,1
27073,1
27156,1
4000,2
6228,1
6284,1
7864,1
19107,1
22000,1
29673,1
31510,1
32107,4
9093,1
21278,1
1116,2
3471,61
82,1
9252,1
12101,1
13643,1
14174,13
15699,1
17372,6
23265,1
28130,3
28838,1
30818,1
31902,1
32206,1
19921,1
20477,1
23079,1
25799,1
1063,3
3520,4
5763,3
7552,2
8140,5
12915,2
14616,4
16197,1
19150,1
32101,1
1523,2
16945,1
18149,5
22058,1
22582,1
26308,1
1547,3
2346,2
3537,1
10542,5
13612,3
14538,1
21649,2
23051,3
25275,1
27962,1
31522,2
30817,3
31485,1
31897,1
32084,1
14937,1
19856,4
25259,1
31141,1
650,1
2788,1
10182,1
12791,1
14562,1
19999,1
25877,1
30166,6
6678,1
12740,4
14106,1
17891,1
2400,3
22094,5
23239,2
25323,1
29299,2
30107,2
32026,1
2151,1
5568,2
26077,1
26857,1
1018,3
5749,1
8403,2
10031,1
25482,18
16439,1
16747,2
17893,1
20114,1
21651,1
29375,2
28633,1
31427,1
9217,1
23033,1
28643,1
2356,1
10482,2
12096,1
18809,1
19829,1
26523,2
30182,1
31841,2
7005,4
15818,1
30097,2
6792,409
4381,1
7892,1
9362,1
9532,1
10928,5
15653,2
15813,2
14682,1
16455,1
16499,4
16840,2
22413,1
29810,1
30342,1
31995,4
32074,34
32401,24
615,1
6222,1
576,6
5370,1
8366,1
16441,1
20063,1
19491,1
24301,1
25405,1
26183,2
27719,1
1674,1
3190,1
10612,1
25717,1
29588,1
7260,61
2119,1
4855,2
32109,25
7817,2
8762,3
14482,1
16544,1
18431,1
20889,1
24404,1
25948,1
32412,1
6363,1
18210,1
20309,1
20726,1
23588,1
7184,1
13940,1
13005,1
16163,2
21442,1
21585,1
25136,1
28993,1
30081,2
32094,1
821,1
3678,1
8463,1
9215,4
17062,1
19326,1
23204,1
1057,4
12628,120
20271,66
11347,1
12017,1
14051,2
15449,1
19914,2
23781,2
23804,2
27602,6
24659,1
30045,1
1628,1
5777,3
9254,2
9629,3
9757,2
13134,2
13555,3
16999,2
24780,1
28464,1
31852,2
32045,1
5088,1
11904,1
19880,1
25100,1
28910,4
27415,447
1561,1
11686,1
22901,1
31924,2
3232,4
9135,1
9294,1
10453,4
13975,1
14712,1
16702,1
28847,1
1096,1
3472,1
5075,1
10100,1
23873,3
26120,2
204,1
673,1
1146,1
9697,1
14519,1
14979,1
22613,1
25066,1
4077,26
5524,2
6341,1
7225,1
7210,1
7359,1
9694,1
17816,7
28729,1
30925,2
6698,1
30445,1
31503,1
5419,1
6487,1
12238,2
16937,1
26455,1
32008,1
32440,1
242,1
366,1
1582,1
13598,2
32072,1
759,4
3557,1
4091,10
8698,1
10568,1
17078,5
25120,1
24028,2
25878,1
26926,3
27374,1
28697,1
31390,1
32079,3
5530,1
8799,2
15788,1
20367,1
28830,1
3965,1
4771,1
5610,1
6697,1
10298,1
14282,1
16173,2
18585,1
20334,1
22824,2
31034,1
2553,1
3017,1
6146,1
8561,4
12247,4
12601,4
14591,1
15926,1
31411,2
13273,226
1672,1
4707,1
5465,1
8252,1
8655,1
8866,2
12103,2
25175,3
27170,1
28879,1
30085,4
31380,2
31410,1
32125,3
7751,1
15723,2
26250,1
27518,1
687,1
6696,1
8134,2
31456,4
1680,1
9471,2
14732,1
17682,1
21124,1
28263,1
32035,1
32314,3
31933,1
2433,2
3394,1
6902,1
7043,1
8375,10
16812,3
28383,1
30992,1
32135,2
32328,11
32192,1
2885,1
3059,1
18738,1
26450,1
7061,35
7456,2
7982,1
13720,3
13894,1
14595,4
18042,5
21447,1
24364,1
16112,1
21494,1
22333,1
25149,1
28931,1
833,1
9268,1
9309,5
13049,1
16824,1
26503,1
26882,1
9327,1
17726,1
19912,1
515,2
1891,10
2541,1
8726,1
11374,1
16310,1
17447,1
25528,1
27799,1
29371,3
32178,1
243,1
11059,1
17001,1
28091,4
32019,1
15592,183
3897,6
12978,2
13633,1
18205,1
1531,1
1760,1
21073,1
31354,1
18434,104
5652,1
6432,1
10536,1
12554,1
15437,3
27733,1
28384,1
31915,1
1907,4
2052,3
3101,1
6824,1
18341,12
31951,1
1789,1
4149,1
13361,1
23283,1
25185,1
31882,22
1869,1
3697,1
6748,4
10966,1
22020,1
25954,1
792,1
4545,1
11322,1
13776,1
15354,2
18083,6
19149,1
19660,2
25890,4
16598,1
20235,1
23167,1
31643,1
2945,59
6765,1
6968,1
8115,1
10029,1
10663,1
13781,4
16601,2
17840,2
18322,1
19060,8
4038,1
6273,1
17399,1
18023,1
20331,1
20688,1
30164,4
30293,1
32053,1
143,1
6561,1
7070,1
17991,1
19492,1
20772,4
20855,1
22410,1
22758,4
22403,1
24425,2
25279,4
2865,1
11803,1
32268,1
25661,45
864,2
3569,1
79,4
6296,5
26774,1
26363,3
27282,2
29445,2
30888,1
32015,13
4880,1
4993,4
19278,1
31935,1
465,1
7514,1
11790,3
15464,1
18806,1
20543,1
23534,1
24185,1
27414,5
29398,2
31233,1
32180,1
32395,1
7127,1
12237,1
12726,1
22329,1
22871,1
24251,5
25873,1
30395,1
6343,1
7665,14
10986,1
21293,1
27026,1
27932,3
32068,1
9601,1
10302,1
24716,4
26331,1
624,1
4351,4
13829,2
15565,2
15962,1
16287,2
16871,1
19325,2
19948,1
20047,1
21857,5
23137,1
27545,3
31920,3
31945,3
2526,1
4588,2
5772,1
6743,1
13064,1
13830,1
15596,1
24925,1
28976,1
4620,44
780,2
10170,113
3706,25
9674,1
16188,2
19801,1
26888,1
28177,1
32165,3
5332,2
10494,4
12751,4
20439,1
88,1
28280,4
29396,1
30620,2
29842,2
32020,5
32420,2
15760,1
17469,4
20884,1
11783,1
13750,3
16199,1
18877,3
19418,1
26022,3
27319,6
29817,1
30737,2
11007,1
29881,1
10466,1
11132,1
11823,1
14767,2
22610,2
22837,4
24250,1
27031,4
27209,6
30834,1
14017,1
29811,1
30491,1
1948,1
5999,3
6043,14
8028,1
8602,1
9819,1
14260,1
15329,4
14283,1
16873,3
22944,1
27382,8
30322,2
30111,1
31975,2
32120,2
11559,1
26467,1
27610,1
28937,1
7471,152
13753,1
17213,1
30784,1
31626,1
31631,3
32288,4
1014,1
1748,1
12376,1
17851,1
26909,1
859,2
1072,3
1650,1
5124,5
6450,1
12340,2
13732,1
19836,1
23490,1
30648,3
32190,1
12249,4
13231,5
21577,1
5284,1
5545,2
6726,1
7835,1
11851,2
12495,6
13401,1
14706,1
17987,1
18046,1
18472,2
23389,1
29470,1
32221,1
32396,1
24715,2
26685,2
2622,15
4047,1
7611,11
14885,1
18368,1
16361,1
17980,1
21256,1
4936,1
5751,1
10708,4
13194,1
15750,4
17091,1
18018,4
3645,1
6649,1
10231,2
15243,3
21856,2
8771,1
15426,1
23690,1
24226,4
27214,3
2652,1
2996,1
4087,1
4481,2
10556,1
14878,1
19422,1
21822,1
31761,1
1230,4
12596,1
27703,1
23492,126
2474,1
3803,1
127,4
11876,3
14121,1
15795,10
16046,3
17778,2
19598,1
21530,8
30795,10
4440,1
8644,1
10401,1
14046,1
20197,1
23594,2
24023,4
24217,1
29253,1
5670,1
8404,4
23153,3
23508,1
25819,1
27440,1
28556,1
1211,2
3254,1
15774,2
17542,1
21056,4
25338,2
27895,1
28477,4
6207,1
10389,1
18760,1
22645,1
24591,1
26831,1
31819,3
31081,1
3091,1
4468,2
6987,2
18676,4
26174,1
603,2
2150,1
2615,1
17136,2
20885,3
21165,1
19318,1
19639,2
26441,2
28207,2
2941,4
6158,4
7532,5
8123,1
18268,1
29256,1
30539,1
31872,2
6766,1
10166,2
11009,1
11633,2
12011,1
16167,1
23362,2
24177,2
24760,1
32222,7
9648,1
8026,113
2978,1
4844,7
6316,1
7032,1
10824,1
24340,1
31908,1
1675,4
9386,1
13958,1
18499,1
19279,4
5547,1
14163,16
15747,1
18266,4
18540,3
21279,1
31928,2
32322,2
1359,2
9807,1
31742,1
32257,1
31984,215
395,3
2068,2
2960,3
5587,1
14124,2
13250,1
16302,5
22644,19
26124,1
29044,7
30595,1
31526,1
909,1
5080,1
9617,1
11512,4
17817,5
26971,1
32188,1
2314,1
13892,3
16022,1
20220,3
22574,1
28416,2
31862,1
969,1
6540,1
25683,1
32145,1
911,1
14684,138
4095,1
13556,1
14066,1
15927,1
22869,1
25306,5
24491,1
27504,3
1242,1
10254,1
16746,1
18092,1
13876,11
21912,1
24063,1
26583,1
32194,4
1658,1
2397,1
11382,1
15112,4
16339,1
19532,1
21370,1
24200,4
24435,1
28548,2
65,2
32098,40
1677,1
10377,3
13568,1
14355,1
24525,2
28402,5
32042,1
32071,1
32365,1
235,1
8045,1
8169,1
12645,1
25985,1
30794,1
498,1
9675,1
14347,1
20254,1
24161,1
29384,1
21988,4
22665,4
25168,2
26052,1
26525,1
32376,1
3775,1
10117,1
11816,9
16791,1
19813,2
20713,43
25654,1
7802,1
10605,1
24529,1
27482,1
29882,422
2208,1
4671,2
21317,1
26670,1
30454,1
8689,1
12745,2
15666,4
871,1
14192,57
7190,3
9091,1
16666,2
16860,1
19913,2
1287,1
1797,1
3684,1
32340,5
9005,1
10735,4
13305,1
23253,1
24188,1
11855,1
15546,1
20025,2
24255,1
25880,1
26856,1
29741,2
26873,1
29963,4
30209,1
4103,2
4881,3
12059,2
12418,1
30171,1
32000,2
31960,1
618,2
5928,1
19097,1
23817,1
24249,1
30956,3
417,1
15995,46
9582,1
13108,1
14086,1
13540,1
14275,1
19435,1
21327,2
27644,1
29772,3
6395,1
7242,1
9494,1
16560,1
19375,1
25263,1
3547,1
10227,1
10555,1
13415,4
18557,1
19994,2
31927,1
1511,1
2087,4
2316,1
2394,1
24973,1
32199,1
3908,1
6564,1
8121,2
17413,6
21501,2
23032,2
24434,1
24697,1
30959,3
3007,1
8821,4
28540,1
28870,1
30348,2
1553,3
4955,1
8348,2
8352,3
8844,3
13055,1
15344,2
17711,1
24464,2
26133,1
30419,1
31818,4
31803,2
32220,11
4040,1
6346,4
16731,2
676,1
1026,4
1588,2
4155,1
5293,8
7703,1
9768,1
10540,1
16532,3
17929,1
18262,1
18295,1
25576,18
32313,1
16629,1
19972,1
28277,1
2232,1
6686,2
8049,2
8109,1
8852,24
10629,2
16959,1
17440,1
20633,1
23166,2
31307,7
31553,7
8915,4
10349,1
13832,1
20860,1
21938,2
28752,1
24996,139
6602,1
9816,4
9809,2
10693,1
16299,1
20697,1
29341,1
31578,7
31834,1
32032,6
6400,1
11653,4
13838,2
18611,1
31923,1
4178,3
4475,2
6260,1
9751,1
10553,1
11446,1
18104,2
26530,2
29379,1
31890,5
32338,3
32122,1
9522,1
10731,1
11817,1
26246,4
29036,4
20913,294
7154,2
7241,2
10137,1
14101,1
16337,2
18623,1
17142,1
19130,1
20315,1
22231,1
22312,2
2366,1
6009,1
6371,1
13495,1
20736,1
21764,2
25049,4
13373,1
16699,2
25575,1
28405,1
29802,2
31443,2
31473,1
32337,2
32007,1
4233,1
27678,1
30860,1
5324,2
13517,1
15036,1
18105,1
25677,1
25417,2
3719,1
7694,1
9660,1
23600,2
27996,4
923,1
16870,31
2399,5
2301,1
2527,1
4281,2
11885,1
19302,2
26618,1
32197,3
5061,1
7536,1
9038,1
15999,2
26555,1
31412,1
30898,1
24564,2
11339,20
2848,1
5260,1
11163,1
11849,2
16385,2
22174,2
25910,2
27021,3
30417,1
31950,2
8883,1
14471,1
18828,1
22972,1
29043,1
31629,1
4447,1
7007,6
16061,1
21253,3
21448,1
24014,2
27614,4
31821,2
14738,1
14988,1
16477,1
17997,1
21735,1
2849,2
3259,2
23836,32
13497,1
19329,17
31170,1
32360,1
16486,7
28196,1
29020,1
9970,182
7371,1
9297,1
11641,1
14168,1
17111,4
32237,6
32431,1
10186,4
17534,4
24331,1
27124,1
5993,2
10330,3
18743,1
28073,1
31997,4
368,4
6276,2
11508,4
22619,1
24677,4
31809,1
674,55
30568,40
3477,3
4800,1
5180,2
7322,1
22149,2
22237,1
26908,3
3133,1
5259,4
11983,1
12342,1
16020,1
21846,1
22323,2
5292,1
5390,5
10208,3
22715,1
26535,3
4057,1
6301,2
30526,1
1662,2
3396,1
7110,2
8127,2
9255,1
13578,1
14592,2
14633,1
18308,4
23068,1
25588,5
27651,6
828,4
30718,1
3824,1
7367,1
7656,1
10832,1
13481,1
13559,1
14865,1
23913,1
28227,1
31896,4
31961,1
8916,5
10474,4
13083,2
13725,1
17492,4
22994,1
27797,217
569,4
1647,1
8672,21
10387,1
18259,1
19976,1
21047,1
24680,2
27601,2
28522,1
6344,1
6833,2
10043,1
10126,1
13048,1
17005,2
17582,1
21140,1
31054,1
3750,1
4966,1
7157,1
11620,6
11952,3
14154,1
23736,1
29511,2
32081,1
12284,4
13209,1
20651,1
25361,1
29066,1
32316,1
27360,46
11831,1
18172,1
29723,2
2295,1
18447,1
19929,4
32282,1
4794,2
7391,18
7244,1
9964,1
14964,1
15083,1
23953,1
26253,1
28444,1
32172,29
5046,2
12595,1
19039,1
1532,1
1844,1
1892,2
6087,1
6534,1
11305,2
11371,1
13036,2
16973,2
21282,2
21853,1
32425,2
32173,5
11349,1
22559,1
572,3
5406,1
6397,1
6713,2
13095,6
15310,2
14598,1
16541,2
18338,3
18155,1
21297,1
30671,1
32126,1
6145,1
6664,4
17555,2
21609,1
3277,1
3979,1
6992,2
7862,2
8128,1
9764,1
11488,3
11533,1
13054,1
14605,1
16618,1
18694,6
21194,2
22182,1
24354,1
31444,2
31815,3
31242,1
31261,1
22770,1
23800,1
31167,4
6254,1
20782,48
13810,1
14952,2
28550,2
31910,2
3033,5
16363,1
23083,1
